	{

		"metadata": {
			"formatVersion" : 3.1,
			"generatedBy"   : "Blender 2.7 Exporter",
			"vertices"      : 4,
			"faces"         : 1,
			"normals"       : 1,
			"colors"        : 0,
			"uvs"           : [],
			"materials"     : 1,
			"morphTargets"  : 0,
			"bones"         : 0
		},

			"scale" : 1.000000,
			
			"vertices" : [114.242,-4.99369e-06,-114.242,-114.242,-4.99369e-06,-114.242,114.242,4.99369e-06,114.242,-114.242,4.99369e-06,114.242],
			"faces"    : [35,0,1,3,2,0,0,0,0,0],
			"uvs"      : [],
			"normals"  : [0,1,0],
			
			"skinIndices"  : [],
			"skinWeights"  : [],
			"morphTargets" : [],
			
			"bones"      : [],
			"animations" : [],
			
			"colors"    : [],
			"materials" : [
				{
					"DbgColor": 15658734,
					"DbgIndex": 0,
					"DbgName": "plane_Mat",
					"blending": "NormalBlending",
					"colorAmbient": [0.6400000190734865, 0.6400000190734865, 0.6400000190734865],
					"colorDiffuse": [0.6400000190734865, 0.6400000190734865, 0.6400000190734865],
					"colorEmissive": [0.0, 0.0, 0.0],
					"colorSpecular": [0.5, 0.5, 0.5],
					"depthTest": true,
					"depthWrite": true,
					"shading": "Lambert",
					"specularCoef": 50,
					"transparency": 1.0,
					"transparent": false,
					"vertexColors": false
				}
			]


	}
